"REG","value"
"USA",0.0000000000
"E27",0.0000000000
"ROW",0.0000000000
