"ACTS","REG","value"
"agr-a","USA",0.0000000000
"agr-a","E27",0.0000000000
"agr-a","ROW",0.0000000000
"man-a","USA",0.0000000000
"man-a","E27",0.0000000000
"man-a","ROW",0.0000000000
"srv-a","USA",0.0000000000
"srv-a","E27",0.0000000000
"srv-a","ROW",0.0000000000
