"REG","value"
"USA",1.0000000000
"E27",1.0000000000
"ROW",1.0000000000
