REG,value
USA,311.5826110839844
E27,444.50431084632874
ROW,6199.024203391746
