REG,value
USA,155865.0
E27,849564.212890625
ROW,6350381.600891113
