REG,value
USA,48068048.0
E27,53070997.138671875
ROW,134835577.97784424
