REG,value
USA,1922721.875
E27,2122839.8349609375
ROW,5393422.945232391
