COMM,REG,value
srv,USA,40586.27685546875
srv,E27,290617.8143582344
srv,ROW,444826.2458094284
